{"cameraMode":{"drawMode":0,"name":"Shaded","section":"Shading Mode"},"sceneLighting":true,"audioPlay":false,"sceneViewState":{"m_AlwaysRefresh":false,"showFog":true,"showSkybox":true,"showFlares":true,"showImageEffects":true,"showParticleSystems":true,"showVisualEffectGraphs":true,"m_FxEnabled":true},"in2DMode":false,"pivot":{"x":179.83584594726563,"y":87.57699584960938,"z":-5.858917236328125},"rotation":{"x":0.050958145409822467,"y":0.02785799652338028,"z":-0.0014221721794456244,"w":0.9983121156692505},"size":214.9900360107422,"orthographic":false}